{
  "project_info": {
    "project_number": "779155687966",
    "project_id": "notemakingpro",
    "storage_bucket": "notemakingpro.appspot.com"
  },
  "client": [
    {
      "client_info": {
        "mobilesdk_app_id": "1:779155687966:android:918fe06ac26bc706d0bc0f",
        "android_client_info": {
          "package_name": "com.example.notemakingpro"
        }
      },
      "oauth_client": [
        {
          "client_id": "779155687966-u1vj458nuek5iprb9137sqfgf0snjcav.apps.googleusercontent.com",
          "client_type": 3
        }
      ],
      "api_key": [
        {
          "current_key": "AIzaSyB3waYzzcybPRhneZhguK4L1hlJOZVfhU0"
        }
      ],
      "services": {
        "appinvite_service": {
          "other_platform_oauth_client": [
            {
              "client_id": "779155687966-u1vj458nuek5iprb9137sqfgf0snjcav.apps.googleusercontent.com",
              "client_type": 3
            }
          ]
        }
      }
    },
    {
      "client_info": {
        "mobilesdk_app_id": "1:779155687966:android:f1617cf913a8770bd0bc0f",
        "android_client_info": {
          "package_name": "easy.tuto.notespro"
        }
      },
      "oauth_client": [
        {
          "client_id": "779155687966-u1vj458nuek5iprb9137sqfgf0snjcav.apps.googleusercontent.com",
          "client_type": 3
        }
      ],
      "api_key": [
        {
          "current_key": "AIzaSyB3waYzzcybPRhneZhguK4L1hlJOZVfhU0"
        }
      ],
      "services": {
        "appinvite_service": {
          "other_platform_oauth_client": [
            {
              "client_id": "779155687966-u1vj458nuek5iprb9137sqfgf0snjcav.apps.googleusercontent.com",
              "client_type": 3
            }
          ]
        }
      }
    }
  ],
  "configuration_version": "1"
}